bc_id,output,distance
1,0,0.882241770147219
2,0,0.706202268047669
3,0,0.20032812346636192
4,0,0.9291104354105719
5,0,1.179671070314837
6,0,0.6727516796363266
7,0,1.1729863678060823
8,0,0.8750149031947468
9,0,0.6833773814856069
10,0,0.48106722068877456
1,1,1.0611259019477497
2,1,0.38980122951923135
3,1,0.5062472221875309
4,1,1.0402693342658154
5,1,1.0633203059556204
6,1,1.2117560439047175
7,1,0.33455023303373005
8,1,0.7006150735270086
9,1,1.1633962846038595
10,1,1.2743799687398971
