bc_id,output,distance
1,0,0.9466512293953829
2,0,0.23024033395287236
3,0,0.39158245216207493
4,0,0.7371070573892329
5,0,0.1622330660456048
6,0,0.6705906899949613
7,0,0.6963945748127696
8,0,1.3339336446482515
9,0,0.6107234535895463
10,0,1.2208066944828977
1,1,0.29857937725206035
2,1,0.8355857057368998
3,1,1.2996286466731208
4,1,1.8584302191426285
5,1,0.5513537958760444
6,1,1.2134153467199875
7,1,0.32697394712523303
8,1,1.1877347192112038
9,1,0.26323413316948086
10,1,0.46239540376977767
