bc_id,output,distance
1,0,8.819874922015618
2,0,6.367291417863643
3,0,16.668525216407122
4,0,1.7495427974188007
5,0,4.814987019712508
6,0,5.321715948827032
7,0,3.8935844667863573
8,0,19.68735888838317
9,0,38.08708028505201
10,0,8.645058972615514
1,1,2.359766937644478
2,1,7.849993630570665
3,1,7.41041328132245
4,1,2.249644416346726
5,1,4.130781147676551
6,1,6.0618875682414295
7,1,3.7686204372422547
8,1,17.221849494174535
9,1,23.93562251122788
10,1,9.209626756823535
