bc_id,output,distance
1,0,11.692570360703414
2,0,55.26726858313156
3,0,253.8982284302118
4,0,64.85386699835254
5,0,150.00216531770468
6,0,40.4900887982479
7,0,23.26061908032544
8,0,14.69405545246104
9,0,218.1373331183821
10,0,45.474301533943304
1,1,22.902829519515706
2,1,47.95212221581023
3,1,23.03738571626564
4,1,49.93667014329251
5,1,110.00685266218645
6,1,23.288603570201463
7,1,14.14130121311331
8,1,9.956247329692046
9,1,59.22217639229414
10,1,26.559913521131808
