bc_id,output,distance
1,1,203.25303960368524
2,1,20.188307726107208
1,2,27.84890331214958
2,2,97.31331010382307
3,1,79.34707479977507
3,3,12.213836356263359
4,2,17.082926802495425
5,2,60.08376371164473
6,2,9.987955919221452
7,2,32.47238326243584
8,2,52.88744966974221
9,2,23.300129979471993
10,2,18.10413398744613
4,3,7.236804166149479
5,3,76.03460911090751
6,3,29.010091125837217
7,3,23.735201854226545
8,3,26.029396783400166
9,3,12.15712733825459
10,3,11.230924723544637
