bc_id,output,distance
1,1,456.39258313949523
2,1,37.5695848656214
3,1,26.503550548866702
4,1,53.65637362549053
5,1,27.27678369408285
1,2,12.782044065246792
2,2,60.13570329151684
3,2,377.7272001298374
4,2,211.1356699040996
5,2,549.8995177761625
6,1,49.650518690498885
7,1,134.46894349963353
8,1,22.799118892716468
6,3,44.90184506342898
7,3,825.9801234307583
8,3,146.38429714974066
9,2,9.798042444261073
10,2,62.14574485268712
9,3,19.963202125062658
10,3,72.44920410495396
